area_name,area_code,district_name,district_no,delivery_zipcode,locale_name,physical_delivery_address,physical_city,physical_state,physical_zip,physical_zip4,zip_class_code,locale_key,locale_type
CENTRAL,4J,IA-NE-SD,500,57001,ALCESTER,111 DAKOTA ST,ALCESTER,SD,57001,9998,,W1A468,P
CENTRAL,4J,IA-NE-SD,500,57002,AURORA,219 N BROADWAY ST,AURORA,SD,57002,9998,,W1A496,P
CENTRAL,4J,IA-NE-SD,500,57003,BALTIC,132 ST OLAF AVE,BALTIC,SD,57003,9998,,W1A503,P
CENTRAL,4J,IA-NE-SD,500,57004,BERESFORD,100 S 3RD ST,BERESFORD,SD,57004,9998,,W1A516,P
CENTRAL,4J,IA-NE-SD,500,57005,BRANDON,1420 E ASPEN BLVD,BRANDON,SD,57005,9998,,W1A540,P
CENTRAL,4J,IA-NE-SD,500,57006,BROOKINGS,500 MAIN AVE,BROOKINGS,SD,57006,9998,,W1A548,P
CENTRAL,4J,IA-NE-SD,500,57012,CANISTOTA,222 W MAIN ST,CANISTOTA,SD,57012,9998,,W1A567,P
CENTRAL,4J,IA-NE-SD,500,57013,CANTON,315 E 5TH ST,CANTON,SD,57013,9998,,W1A570,P
CENTRAL,4J,IA-NE-SD,500,57014,CENTERVILLE,533 BROADWAY ST,CENTERVILLE,SD,57014,9998,,W1A585,P
CENTRAL,4J,IA-NE-SD,500,57015,CHANCELLOR,224 MAIN ST,CHANCELLOR,SD,57015,9998,,W1A590,P
CENTRAL,4J,IA-NE-SD,500,57015,LENNOX,200 S MAIN ST,LENNOX,SD,57039,9998,,W1A872,P
CENTRAL,4J,IA-NE-SD,500,57016,CHESTER,410 4TH ST,CHESTER,SD,57016,9998,,W1A593,P
CENTRAL,4J,IA-NE-SD,500,57017,COLMAN,129 N MAIN ST,COLMAN,SD,57017,9998,,W1A606,P
CENTRAL,4J,IA-NE-SD,500,57018,COLTON,213 E 4TH ST,COLTON,SD,57018,9998,,W1A608,P
CENTRAL,4J,IA-NE-SD,500,57020,CROOKS,112 MAIN ST,CROOKS,SD,57020,9998,,W1A625,P
CENTRAL,4J,IA-NE-SD,500,57021,DAVIS,110 E US HIGHWAY 18,DAVIS,SD,57021,9998,,W1A636,P
CENTRAL,4J,IA-NE-SD,500,57022,DELL RAPIDS,305 E 4TH ST,DELL RAPIDS,SD,57022,9998,,W1A641,P
CENTRAL,4J,IA-NE-SD,500,57025,ELK POINT,123 W MAIN ST,ELK POINT,SD,57025,9998,,W1A664,P
CENTRAL,4J,IA-NE-SD,500,57026,ELKTON,207 ELK ST,ELKTON,SD,57026,9998,,W1A665,P
CENTRAL,4J,IA-NE-SD,500,57027,FAIRVIEW,320 LINCOLN AVE,FAIRVIEW,SD,57027,9998,,W1A686,P
CENTRAL,4J,IA-NE-SD,500,57028,FLANDREAU,102 W 2ND AVE,FLANDREAU,SD,57028,9998,,W1A694,P
CENTRAL,4J,IA-NE-SD,500,57029,BRIDGEWATER,235 N MAIN AVE,BRIDGEWATER,SD,57319,9998,,W1A544,P
CENTRAL,4J,IA-NE-SD,500,57029,FREEMAN,421 S POPLAR ST,FREEMAN,SD,57029,9998,,W1A710,P
CENTRAL,4J,IA-NE-SD,500,57030,GARRETSON,641 N MAIN AVE,GARRETSON,SD,57030,9998,,W1A716,P
CENTRAL,4J,IA-NE-SD,500,57031,GAYVILLE,508 WASHINGTON ST,GAYVILLE,SD,57031,9998,,W1A718,P
CENTRAL,4J,IA-NE-SD,500,57032,HARRISBURG,518 N CLIFF AVE,HARRISBURG,SD,57032,2729,,W1A749,P
CENTRAL,4J,IA-NE-SD,500,57033,HARTFORD,901 N OAKS AVE,HARTFORD,SD,57033,9998,,W1A752,P
CENTRAL,4J,IA-NE-SD,500,57034,ALCESTER,111 DAKOTA ST,ALCESTER,SD,57001,9998,,W1A468,P
CENTRAL,4J,IA-NE-SD,500,57034,HUDSON,318 WHEELOCK ST,HUDSON,SD,57034,9998,,W1A793,P
CENTRAL,4J,IA-NE-SD,500,57035,HUMBOLDT,1005 W 2ND AVE,HUMBOLDT,SD,57035,9998,,W1A795,P
CENTRAL,4J,IA-NE-SD,500,57036,HURLEY,608 CENTER AVE,HURLEY,SD,57036,9998,,W1A797,P
CENTRAL,4J,IA-NE-SD,500,57037,IRENE,205 W MAIN ST,IRENE,SD,57037,9998,,W1A811,P
CENTRAL,4J,IA-NE-SD,500,57038,JEFFERSON,303 MAIN ST,JEFFERSON,SD,57038,9998,,W1A820,P
CENTRAL,4J,IA-NE-SD,500,57038,NORTH SIOUX CITY,310 N DERBY LN,NORTH SIOUX CITY,SD,57049,9998,,W1A970,P
CENTRAL,4J,IA-NE-SD,500,57039,LENNOX,200 S MAIN ST,LENNOX,SD,57039,9998,,W1A872,P
CENTRAL,4J,IA-NE-SD,500,57040,LESTERVILLE,223 MAIN AVE,LESTERVILLE,SD,57040,9998,,W1A874,P
CENTRAL,4J,IA-NE-SD,500,57042,MADISON,119 E CENTER ST,MADISON,SD,57042,9998,,W1A898,P
CENTRAL,4J,IA-NE-SD,500,57043,MARION,209 N BROADWAY AVE,MARION,SD,57043,9998,,W1A908,P
CENTRAL,4J,IA-NE-SD,500,57045,MENNO,227 S 5TH ST,MENNO,SD,57045,9998,,W1A924,P
CENTRAL,4J,IA-NE-SD,500,57046,MISSION HILL,109 WASHINGTON AVE S,MISSION HILL,SD,57046,9998,,W1A938,P
CENTRAL,4J,IA-NE-SD,500,57048,MONTROSE,105 W MAIN ST,MONTROSE,SD,57048,9998,,W1A947,P
CENTRAL,4J,IA-NE-SD,500,57049,NORTH SIOUX CITY,310 N DERBY LN,NORTH SIOUX CITY,SD,57049,9998,,W1A970,P
CENTRAL,4J,IA-NE-SD,500,57050,NUNDA,409 MAIN ST,NUNDA,SD,57050,9998,,W1A974,P
CENTRAL,4J,IA-NE-SD,500,57051,OLDHAM,105 N LILLIE AVE,OLDHAM,SD,57051,9998,,W1A986,P
CENTRAL,4J,IA-NE-SD,500,57052,OLIVET,145 EUCLID ST,OLIVET,SD,57052,9998,,W1A987,P
CENTRAL,4J,IA-NE-SD,500,57053,PARKER,125 S MAIN AVE,PARKER,SD,57053,9998,,W1B006,P
CENTRAL,4J,IA-NE-SD,500,57054,RAMONA,217 E MAIN ST,RAMONA,SD,57054,9998,,W1B043,P
CENTRAL,4J,IA-NE-SD,500,57058,SALEM,311 N MAIN ST,SALEM,SD,57058,9998,,W1B088,P
CENTRAL,4J,IA-NE-SD,500,57059,SCOTLAND,640 1ST ST,SCOTLAND,SD,57059,9998,,W1B094,P
CENTRAL,4J,IA-NE-SD,500,57061,SINAI,301 MAIN AVE,SINAI,SD,57061,9998,P,W1B106,P
CENTRAL,4J,IA-NE-SD,500,57062,SPRINGFIELD,811 8TH ST,SPRINGFIELD,SD,57062,9998,,W1B126,P
CENTRAL,4J,IA-NE-SD,500,57063,TABOR,105 S LIDICE AVE,TABOR,SD,57063,9998,,W1B182,P
CENTRAL,4J,IA-NE-SD,500,57064,TEA,502 E FIGZEL CT STE A,TEA,SD,57064,9997,,W1B184,P
CENTRAL,4J,IA-NE-SD,500,57065,TRENT,107 W 3RD ST,TRENT,SD,57065,9998,,W1B198,P
CENTRAL,4J,IA-NE-SD,500,57066,TYNDALL,1716 MAIN ST,TYNDALL,SD,57066,9998,,W1B208,P
CENTRAL,4J,IA-NE-SD,500,57067,UTICA,109 2ND ST,UTICA,SD,57067,9998,,W1B215,P
CENTRAL,4J,IA-NE-SD,500,57068,BRANDON,1420 E ASPEN BLVD,BRANDON,SD,57005,9998,,W1A540,P
CENTRAL,4J,IA-NE-SD,500,57068,VALLEY SPRINGS,409 BROADWAY AVE,VALLEY SPRINGS,SD,57068,9998,,W1B217,P
CENTRAL,4J,IA-NE-SD,500,57069,VERMILLION,16 COURT ST,VERMILLION,SD,57069,9998,,W1B222,P
CENTRAL,4J,IA-NE-SD,500,57070,VIBORG,103 S MAIN ST,VIBORG,SD,57070,9998,,W1B224,P
CENTRAL,4J,IA-NE-SD,500,57071,VOLGA,125 W 3RD ST,VOLGA,SD,57071,9998,,W1B231,P
CENTRAL,4J,IA-NE-SD,500,57072,IRENE,205 W MAIN ST,IRENE,SD,57037,9998,,W1A811,P
CENTRAL,4J,IA-NE-SD,500,57072,VOLIN,205 MAIN ST,VOLIN,SD,57072,9998,,W1B232,P
CENTRAL,4J,IA-NE-SD,500,57073,IRENE,205 W MAIN ST,IRENE,SD,57037,9998,,W1A811,P
CENTRAL,4J,IA-NE-SD,500,57073,WAKONDA,109 OHIO ST,WAKONDA,SD,57073,9998,,W1B235,P
CENTRAL,4J,IA-NE-SD,500,57075,WENTWORTH,107 S MAIN AVE,WENTWORTH,SD,57075,9998,,W1B256,P
CENTRAL,4J,IA-NE-SD,500,57076,MADISON,119 E CENTER ST,MADISON,SD,57042,9998,,W1A898,P
CENTRAL,4J,IA-NE-SD,500,57076,WINFRED,352 MAIN ST,WINFRED,SD,57076,9998,,W1B278,P
CENTRAL,4J,IA-NE-SD,500,57077,WORTHING,120 S MAIN ST,WORTHING,SD,57077,9998,,W1B285,P
CENTRAL,4J,IA-NE-SD,500,57078,YANKTON,506 W 25TH ST,YANKTON,SD,57078,9998,,W1B288,P
CENTRAL,4J,IA-NE-SD,500,57101,SIOUX FALLS SD S 2ND SDC,320 S 2ND AVE,SIOUX FALLS,SD,57104,9707,P,021158,4
CENTRAL,4J,IA-NE-SD,500,57103,SIOUX FALLS SD S 2ND SDC,320 S 2ND AVE,SIOUX FALLS,SD,57104,9707,,021158,4
CENTRAL,4J,IA-NE-SD,500,57104,SIOUX FALLS SD S 2ND SDC,320 S 2ND AVE,SIOUX FALLS,SD,57104,9707,,021158,4
CENTRAL,4J,IA-NE-SD,500,57105,SOUTHWEST CARRIER ANNEX,4709 S TECHNOPOLIS DR,SIOUX FALLS,SD,57106,4227,,W1C629,4
CENTRAL,4J,IA-NE-SD,500,57106,SOUTHWEST CARRIER ANNEX,4709 S TECHNOPOLIS DR,SIOUX FALLS,SD,57106,4227,,W1C629,4
CENTRAL,4J,IA-NE-SD,500,57107,SIOUX FALLS SD S 2ND SDC,320 S 2ND AVE,SIOUX FALLS,SD,57104,9707,,021158,4
CENTRAL,4J,IA-NE-SD,500,57108,SOUTHWEST CARRIER ANNEX,4709 S TECHNOPOLIS DR,SIOUX FALLS,SD,57106,4227,,W1C629,4
CENTRAL,4J,IA-NE-SD,500,57109,MEADOWS POSTAL STORE,2501 S LOUISE AVE,SIOUX FALLS,SD,57106,4325,P,W1C616,S
CENTRAL,4J,IA-NE-SD,500,57110,SIOUX FALLS SD S 2ND SDC,320 S 2ND AVE,SIOUX FALLS,SD,57104,9707,,021158,4
CENTRAL,4J,IA-NE-SD,500,57117,SIOUX FALLS SD S 2ND SDC,320 S 2ND AVE,SIOUX FALLS,SD,57104,9707,P,021158,4
CENTRAL,4J,IA-NE-SD,500,57118,SIOUX FALLS,4801 N 4TH AVE,SIOUX FALLS,SD,57104,9300,P,W1B107,E
CENTRAL,4J,IA-NE-SD,500,57201,WATERTOWN,405 E KEMP AVE,WATERTOWN,SD,57201,9998,,W1B248,P
CENTRAL,4J,IA-NE-SD,500,57212,ARLINGTON,110 S MAIN ST,ARLINGTON,SD,57212,9998,,W1A484,P
CENTRAL,4J,IA-NE-SD,500,57213,ASTORIA,331 MAIN ST,ASTORIA,SD,57213,9998,,W1A490,P
CENTRAL,4J,IA-NE-SD,500,57214,BADGER,319 E MAIN ST,BADGER,SD,57214,9998,P,W1A500,P
CENTRAL,4J,IA-NE-SD,500,57216,BIG STONE CITY,650 MAIN ST STE A,BIG STONE CITY,SD,57216,2226,,W1A521,P
CENTRAL,4J,IA-NE-SD,500,57217,BRADLEY,201 MAIN ST,BRADLEY,SD,57217,9998,,W1A538,P
CENTRAL,4J,IA-NE-SD,500,57218,BRANDT,116 MAIN ST,BRANDT,SD,57218,9998,,W1A541,P
CENTRAL,4J,IA-NE-SD,500,57219,BRISTOL,116 MAIN ST S,BRISTOL,SD,57219,9998,,W1A545,P
CENTRAL,4J,IA-NE-SD,500,57219,WEBSTER,715 MAIN ST,WEBSTER,SD,57274,9998,,W1B252,P
CENTRAL,4J,IA-NE-SD,500,57220,BRUCE,508 JEFFERSON ST,BRUCE,SD,57220,9998,,W1A549,P
CENTRAL,4J,IA-NE-SD,500,57221,BRYANT,114 MAIN ST W,BRYANT,SD,57221,9998,,W1A550,P
CENTRAL,4J,IA-NE-SD,500,57223,CASTLEWOOD,111 E MAIN ST,CASTLEWOOD,SD,57223,9998,,W1A579,P
CENTRAL,4J,IA-NE-SD,500,57224,CLAIRE CITY,270 MAIN ST,CLAIRE CITY,SD,57224,9998,,W1A596,P
CENTRAL,4J,IA-NE-SD,500,57225,CLARK,111 N SMITH ST,CLARK,SD,57225,9998,,W1A598,P
CENTRAL,4J,IA-NE-SD,500,57226,CLEAR LAKE,405 3RD ST W,CLEAR LAKE,SD,57226,9998,,W1A601,P
CENTRAL,4J,IA-NE-SD,500,57227,CORONA,208 MAIN ST,CORONA,SD,57227,9998,,W1A615,P
CENTRAL,4J,IA-NE-SD,500,57231,DE SMET,119 CALUMET AVE SW,DE SMET,SD,57231,9998,,W1A637,P
CENTRAL,4J,IA-NE-SD,500,57232,EDEN,108 S 3RD ST,EDEN,SD,57232,9998,,W1A659,P
CENTRAL,4J,IA-NE-SD,500,57232,ROSLYN,509 N MAIN ST,ROSLYN,SD,57261,9998,,W1B075,P
CENTRAL,4J,IA-NE-SD,500,57234,ESTELLINE,108 MAIN ST N,ESTELLINE,SD,57234,9998,,W1A679,P
CENTRAL,4J,IA-NE-SD,500,57235,FLORENCE,235 MAIN AVE,FLORENCE,SD,57235,9998,,W1A696,P
CENTRAL,4J,IA-NE-SD,500,57236,GARDEN CITY,127 MAIN ST W,GARDEN CITY,SD,57236,9998,,W1A715,P
CENTRAL,4J,IA-NE-SD,500,57237,GARY,1109 COTEAU ST,GARY,SD,57237,9998,,W1A717,P
CENTRAL,4J,IA-NE-SD,500,57238,GOODWIN,130 W CHICAGO AVE,GOODWIN,SD,57238,9998,,W1A727,P
CENTRAL,4J,IA-NE-SD,500,57239,GRENVILLE,915 KOSCIUSKO AVE,GRENVILLE,SD,57239,9998,,W1A737,P
CENTRAL,4J,IA-NE-SD,500,57241,HAYTI,207 MAIN AVE,HAYTI,SD,57241,9998,,W1A755,P
CENTRAL,4J,IA-NE-SD,500,57242,HAZEL,17 W WILLIAMS ST,HAZEL,SD,57242,9998,,W1A757,P
CENTRAL,4J,IA-NE-SD,500,57243,HENRY,112 MAIN ST,HENRY,SD,57243,9998,,W1A760,P
CENTRAL,4J,IA-NE-SD,500,57245,KRANZBURG,102 DAKOTA AVE N,KRANZBURG,SD,57245,9998,P,W1A844,P
CENTRAL,4J,IA-NE-SD,500,57246,LABOLT,109 MAIN ST,LABOLT,SD,57246,9998,,W1A847,C
CENTRAL,4J,IA-NE-SD,500,57247,LAKE CITY,303 S BROADWAY ST,LAKE CITY,SD,57247,9998,,W1A855,P
CENTRAL,4J,IA-NE-SD,500,57248,LAKE NORDEN,500 MAIN AVE,LAKE NORDEN,SD,57248,9998,,W1A859,P
CENTRAL,4J,IA-NE-SD,500,57249,LAKE PRESTON,220 MAIN AVE N,LAKE PRESTON,SD,57249,9998,,W1A861,P
CENTRAL,4J,IA-NE-SD,500,57251,MARVIN,101 E DIVISION ST,MARVIN,SD,57251,9998,,W1A911,P
CENTRAL,4J,IA-NE-SD,500,57252,MILBANK,222 E 3RD AVE,MILBANK,SD,57252,9998,,W1A928,P
CENTRAL,4J,MN-ND,553,57255,NEW EFFINGTON,211 MAIN ST,NEW EFFINGTON,SD,57255,9998,,W1A960,P
CENTRAL,4J,IA-NE-SD,500,57257,PEEVER,310 MAIN ST,PEEVER,SD,57257,9998,,W1B012,P
CENTRAL,4J,IA-NE-SD,500,57258,RAYMOND,211 FLOWER ST,RAYMOND,SD,57258,9998,,W1B050,P
CENTRAL,4J,IA-NE-SD,500,57259,REVILLO,317 N 2ND AVE,REVILLO,SD,57259,9998,,W1B062,P
CENTRAL,4J,MN-ND,553,57260,ROSHOLT,12 W MAIN ST,ROSHOLT,SD,57260,9998,,W1B074,P
CENTRAL,4J,IA-NE-SD,500,57261,ROSLYN,509 N MAIN ST,ROSLYN,SD,57261,9998,,W1B075,P
CENTRAL,4J,IA-NE-SD,500,57262,AGENCY VILLAGE,12554 BIA HIGHWAY 711 STE 272,AGENCY VILLAGE,SD,57262,7409,,W1A465,C
CENTRAL,4J,IA-NE-SD,500,57262,SISSETON,205 E OAK ST STE 103,SISSETON,SD,57262,9998,,W1B110,P
CENTRAL,4J,IA-NE-SD,500,57263,SOUTH SHORE,105 N MAIN ST,SOUTH SHORE,SD,57263,9998,,W1B116,P
CENTRAL,4J,IA-NE-SD,500,57264,SOUTH SHORE,105 N MAIN ST,SOUTH SHORE,SD,57263,9998,,W1B116,P
CENTRAL,4J,IA-NE-SD,500,57264,STOCKHOLM,204 N MAIN ST,STOCKHOLM,SD,57264,9998,,W1B168,P
CENTRAL,4J,IA-NE-SD,500,57265,STRANDBURG,123 S MAIN,STRANDBURG,SD,57265,9998,,W1B171,C
CENTRAL,4J,IA-NE-SD,500,57266,SUMMIT,301 MAPLE ST,SUMMIT,SD,57266,9998,,W1B176,P
CENTRAL,4J,IA-NE-SD,500,57268,TORONTO,540 MAIN AVE,TORONTO,SD,57268,9998,,W1B196,P
CENTRAL,4J,IA-NE-SD,500,57269,MILBANK,222 E 3RD AVE,MILBANK,SD,57252,9998,,W1A928,P
CENTRAL,4J,IA-NE-SD,500,57270,VEBLEN,206 S MAIN ST,VEBLEN,SD,57270,9998,,W1B220,P
CENTRAL,4J,IA-NE-SD,500,57272,WALLACE,602 MAIN ST,WALLACE,SD,57272,9998,,W1B240,P
CENTRAL,4J,IA-NE-SD,500,57273,WAUBAY,105 N MAIN ST,WAUBAY,SD,57273,9998,,W1B249,P
CENTRAL,4J,IA-NE-SD,500,57274,WEBSTER,715 MAIN ST,WEBSTER,SD,57274,9998,,W1B252,P
CENTRAL,4J,IA-NE-SD,500,57276,WHITE,311 W MAIN ST,WHITE,SD,57276,9998,,W1B266,P
CENTRAL,4J,IA-NE-SD,500,57278,WILLOW LAKE,214 GARFIELD AVE,WILLOW LAKE,SD,57278,9998,,W1B275,P
CENTRAL,4J,IA-NE-SD,500,57279,WILMOT,713 MAIN ST,WILMOT,SD,57279,9998,,W1B276,P
CENTRAL,4J,IA-NE-SD,500,57301,MITCHELL,200 W 5TH AVE,MITCHELL,SD,57301,9998,,W1A941,P
CENTRAL,4J,IA-NE-SD,500,57311,ALEXANDRIA,501 MAIN ST,ALEXANDRIA,SD,57311,9998,,W1A469,P
CENTRAL,4J,IA-NE-SD,500,57312,ALPENA,818 MAIN ST,ALPENA,SD,57312,9998,,W1A471,P
CENTRAL,4J,IA-NE-SD,500,57313,ARMOUR,814 MAIN AVE,ARMOUR,SD,57313,9998,,W1A485,P
CENTRAL,4J,IA-NE-SD,500,57314,ARTESIAN,225 N MAIN ST,ARTESIAN,SD,57314,9998,,W1A488,P
CENTRAL,4J,IA-NE-SD,500,57315,AVON,129 MAIN ST N,AVON,SD,57315,9998,,W1A498,P
CENTRAL,4J,IA-NE-SD,500,57317,BONESTEEL,405 MELLETTE ST,BONESTEEL,SD,57317,9998,,W1A533,P
CENTRAL,4J,IA-NE-SD,500,57319,BRIDGEWATER,235 N MAIN AVE,BRIDGEWATER,SD,57319,9998,,W1A544,P
CENTRAL,4J,IA-NE-SD,500,57321,CANOVA,120 MAIN ST W,CANOVA,SD,57321,9998,,W1A569,P
CENTRAL,4J,IA-NE-SD,500,57322,CARPENTER,531 415TH AVE,CARPENTER,SD,57322,9998,,W1A574,P
CENTRAL,4J,IA-NE-SD,500,57322,WILLOW LAKE,214 GARFIELD AVE,WILLOW LAKE,SD,57278,9998,,W1B275,P
CENTRAL,4J,IA-NE-SD,500,57323,CARTHAGE,121 MAIN ST E,CARTHAGE,SD,57323,9998,,W1A576,P
CENTRAL,4J,IA-NE-SD,500,57324,CAVOUR,391 SOLFERINO ST,CAVOUR,SD,57324,9998,,W1A580,P
CENTRAL,4J,IA-NE-SD,500,57325,CHAMBERLAIN,108 N SANBORN ST,CHAMBERLAIN,SD,57325,9998,,W1A588,P
CENTRAL,4J,IA-NE-SD,500,57328,CORSICA,225 E MAIN ST,CORSICA,SD,57328,9998,,W1A616,P
CENTRAL,4J,IA-NE-SD,500,57330,DELMONT,109 W MAIN ST,DELMONT,SD,57330,9998,,W1A642,P
CENTRAL,4J,IA-NE-SD,500,57331,PARKSTON,111 N 1ST ST,PARKSTON,SD,57366,9998,,W1B007,P
CENTRAL,4J,IA-NE-SD,500,57332,EMERY,124 N 3RD ST,EMERY,SD,57332,9998,,W1A671,P
CENTRAL,4J,IA-NE-SD,500,57334,ETHAN,102 W MAIN ST,ETHAN,SD,57334,9998,,W1A680,P
CENTRAL,4J,IA-NE-SD,500,57335,FAIRFAX,412 MAIN ST,FAIRFAX,SD,57335,9998,,W1A684,P
CENTRAL,4J,IA-NE-SD,500,57337,ARTESIAN,225 N MAIN ST,ARTESIAN,SD,57314,9998,,W1A488,P
CENTRAL,4J,IA-NE-SD,500,57339,FORT THOMPSON,119 SD HIGHWAY 249,FORT THOMPSON,SD,57339,9998,,W1A704,P
CENTRAL,4J,IA-NE-SD,500,57340,FULTON,217 N MAIN AVE,FULTON,SD,57340,9998,,W1A712,P
CENTRAL,4J,IA-NE-SD,500,57341,GANN VALLEY,229 MAIN ST,GANN VALLEY,SD,57341,9998,,W1A714,P
CENTRAL,4J,IA-NE-SD,500,57342,GEDDES,312 MAIN AVE,GEDDES,SD,57342,9998,,W1A719,P
CENTRAL,4J,IA-NE-SD,500,57345,HIGHMORE,111 COMMERCIAL AVE SE,HIGHMORE,SD,57345,9998,,W1A768,P
CENTRAL,4J,IA-NE-SD,500,57346,HIGHMORE,111 COMMERCIAL AVE SE,HIGHMORE,SD,57345,9998,,W1A768,P
CENTRAL,4J,IA-NE-SD,500,57348,HITCHCOCK,386 CLARKE ST,HITCHCOCK,SD,57348,9998,,W1A779,P
CENTRAL,4J,IA-NE-SD,500,57349,HOWARD,100 N MAIN ST,HOWARD,SD,57349,9998,,W1A789,P
CENTRAL,4J,IA-NE-SD,500,57350,HURON,410 DAKOTA AVE S,HURON,SD,57350,9998,,W1A798,P
CENTRAL,4J,IA-NE-SD,500,57353,IROQUOIS,199 S OTTOWA ST,IROQUOIS,SD,57353,9998,,W1A813,P
CENTRAL,4J,IA-NE-SD,500,57354,KAYLOR,105 MAIN ST,KAYLOR,SD,57354,9998,P,W1A833,P
CENTRAL,4J,IA-NE-SD,500,57355,KIMBALL,212 S MAIN ST,KIMBALL,SD,57355,9998,,W1A840,P
CENTRAL,4J,IA-NE-SD,500,57356,LAKE ANDES,499 MAIN ST,LAKE ANDES,SD,57356,9998,,W1A851,P
CENTRAL,4J,IA-NE-SD,500,57358,LANE,219 OAK AVE,LANE,SD,57358,9998,P,W1A864,C
CENTRAL,4J,IA-NE-SD,500,57359,LETCHER,119 E MAIN ST,LETCHER,SD,57359,9998,,W1A875,P
CENTRAL,4J,IA-NE-SD,500,57361,MARTY,9105 COLLEGE LOOP,MARTY,SD,57361,9998,P,W1C070,C
CENTRAL,4J,IA-NE-SD,500,57362,MILLER,320 N BROADWAY AVE,MILLER,SD,57362,9998,,W1A932,P
CENTRAL,4J,IA-NE-SD,500,57363,MOUNT VERNON,115 S MAIN ST,MOUNT VERNON,SD,57363,9998,,W1A952,P
CENTRAL,4J,IA-NE-SD,500,57364,NEW HOLLAND,208 E MAIN ST,NEW HOLLAND,SD,57364,9998,,W1A961,P
CENTRAL,4J,IA-NE-SD,500,57365,OACOMA,101 W 2ND ST,OACOMA,SD,57365,9998,,W1A975,P
CENTRAL,4J,IA-NE-SD,500,57366,PARKSTON,111 N 1ST ST,PARKSTON,SD,57366,9998,,W1B007,P
CENTRAL,4J,IA-NE-SD,500,57367,PICKSTOWN,106 LEWIS AVE,PICKSTOWN,SD,57367,9998,P,W1B015,P
CENTRAL,4J,IA-NE-SD,500,57368,PLANKINTON,208 N MAIN ST,PLANKINTON,SD,57368,9998,,W1B024,P
CENTRAL,4J,IA-NE-SD,500,57369,PLATTE,20 E 5TH ST,PLATTE,SD,57369,9998,,W1B026,P
CENTRAL,4J,IA-NE-SD,500,57370,PUKWANA,206 MAIN ST,PUKWANA,SD,57370,9998,,W1B039,P
CENTRAL,4J,IA-NE-SD,500,57371,REE HEIGHTS,108 DAKOTA AVE S,REE HEIGHTS,SD,57371,9998,,W1B058,P
CENTRAL,4J,IA-NE-SD,500,57373,MILLER,320 N BROADWAY AVE,MILLER,SD,57362,9998,,W1A932,P
CENTRAL,4J,IA-NE-SD,500,57373,SAINT LAWRENCE,201 N COMMERCIAL AVE,SAINT LAWRENCE,SD,57373,9998,,W1B086,P
CENTRAL,4J,IA-NE-SD,500,57374,SPENCER,306 MAIN ST,SPENCER,SD,57374,9998,,W1B120,P
CENTRAL,4J,IA-NE-SD,500,57375,STICKNEY,309 MAIN ST,STICKNEY,SD,57375,9998,,W1B167,P
CENTRAL,4J,IA-NE-SD,500,57376,TRIPP,303 S MAIN ST,TRIPP,SD,57376,9998,,W1B199,P
CENTRAL,4J,IA-NE-SD,500,57380,WAGNER,109 2ND ST SE,WAGNER,SD,57380,9998,,W1B234,P
CENTRAL,4J,IA-NE-SD,500,57381,WESSINGTON,170 WESSINGTON ST S,WESSINGTON,SD,57381,9998,,W1B257,P
CENTRAL,4J,IA-NE-SD,500,57382,WESSINGTON SPRINGS,124 WALLACE AVE S,WESSINGTON SPRINGS,SD,57382,9998,,W1B258,P
CENTRAL,4J,IA-NE-SD,500,57383,WHITE LAKE,109 S MAIN ST,WHITE LAKE,SD,57383,9998,,W1B268,P
CENTRAL,4J,IA-NE-SD,500,57384,WOLSEY,125 COMMERCIAL AVE SW,WOLSEY,SD,57384,9998,,W1B282,P
CENTRAL,4J,IA-NE-SD,500,57385,WOONSOCKET,202 S DUMONT AVE,WOONSOCKET,SD,57385,9998,,W1B284,P
CENTRAL,4J,IA-NE-SD,500,57401,ABERDEEN,1202 S 5TH ST,ABERDEEN,SD,57401,9998,,W1A461,P
CENTRAL,4J,IA-NE-SD,500,57402,ABERDEEN,1202 S 5TH ST,ABERDEEN,SD,57401,9998,P,W1A461,P
CENTRAL,4J,IA-NE-SD,500,57421,LANGFORD,309 MAIN ST,LANGFORD,SD,57454,9998,,W1A865,P
CENTRAL,4J,IA-NE-SD,500,57422,GROTON,201 N MAIN ST,GROTON,SD,57445,9998,,W1A739,P
CENTRAL,4J,IA-NE-SD,500,57424,ASHTON,101 E MAIN ST,ASHTON,SD,57424,9998,,W1A489,P
CENTRAL,4J,MN-ND,553,57426,BARNARD,210 MAIN ST,BARNARD,SD,57426,9998,P,W1A505,P
CENTRAL,4J,IA-NE-SD,500,57427,BATH,303 S MAIN ST,BATH,SD,57427,9998,,W1A507,P
CENTRAL,4J,IA-NE-SD,500,57428,BOWDLE,2086 MAIN ST,BOWDLE,SD,57428,9998,,W1A536,P
CENTRAL,4J,IA-NE-SD,500,57429,BRENTFORD,101 W 4TH ST,BRENTFORD,SD,57429,9998,P,W1A542,P
CENTRAL,4J,IA-NE-SD,500,57430,BRITTON,605 MAIN AVE,BRITTON,SD,57430,9998,,W1A546,P
CENTRAL,4J,IA-NE-SD,500,57432,LANGFORD,309 MAIN ST,LANGFORD,SD,57454,9998,,W1A865,P
CENTRAL,4J,IA-NE-SD,500,57433,COLUMBIA,5 N BROADWAY ST,COLUMBIA,SD,57433,9998,,W1A609,P
CENTRAL,4J,IA-NE-SD,500,57434,CONDE,180 BROADWAY ST NE,CONDE,SD,57434,9998,,W1A612,P
CENTRAL,4J,IA-NE-SD,500,57435,CRESBARD,206 MAIN ST,CRESBARD,SD,57435,9998,,W1A623,P
CENTRAL,4J,IA-NE-SD,500,57436,DOLAND,204 HUMPHREY DR N,DOLAND,SD,57436,9998,,W1A648,P
CENTRAL,4J,IA-NE-SD,500,57437,EUREKA,709 G AVE,EUREKA,SD,57437,9998,,W1A681,P
CENTRAL,4J,IA-NE-SD,500,57438,FAULKTON,115 8TH AVE S,FAULKTON,SD,57438,9998,,W1A690,P
CENTRAL,4J,IA-NE-SD,500,57439,FERNEY,109 CENTER ST,FERNEY,SD,57439,9998,P,W1A692,C
CENTRAL,4J,IA-NE-SD,500,57440,FRANKFORT,611 JEFFERSON AVE,FRANKFORT,SD,57440,9998,,W1A707,P
CENTRAL,4J,IA-NE-SD,500,57440,REDFIELD,24 E 6TH AVE,REDFIELD,SD,57469,9998,,W1B055,P
CENTRAL,4J,MN-ND,553,57441,FREDERICK,413 MAIN ST,FREDERICK,SD,57441,9998,,W1A709,P
CENTRAL,4J,IA-NE-SD,500,57442,GETTYSBURG,110 N EXENE ST,GETTYSBURG,SD,57442,9998,,W1A720,P
CENTRAL,4J,IA-NE-SD,500,57445,GROTON,201 N MAIN ST,GROTON,SD,57445,9998,,W1A739,P
CENTRAL,4J,MN-ND,553,57446,HECLA,226 MAIN ST,HECLA,SD,57446,9998,,W1A759,P
CENTRAL,4J,IA-NE-SD,500,57448,HOSMER,102 E MAIN ST,HOSMER,SD,57448,9998,,W1A784,P
CENTRAL,4J,IA-NE-SD,500,57450,HOVEN,262 MAIN ST,HOVEN,SD,57450,9998,,W1A788,P
CENTRAL,4J,IA-NE-SD,500,57451,IPSWICH,336 1ST AVE,IPSWICH,SD,57451,9998,,W1A810,P
CENTRAL,4J,IA-NE-SD,500,57452,JAVA,4125 N MAIN ST,JAVA,SD,57452,9998,,W1A819,P
CENTRAL,4J,IA-NE-SD,500,57454,LANGFORD,309 MAIN ST,LANGFORD,SD,57454,9998,,W1A865,P
CENTRAL,4J,IA-NE-SD,500,57456,LEOLA,5 S SHERMAN ST,LEOLA,SD,57456,9998,,W1A873,P
CENTRAL,4J,IA-NE-SD,500,57460,MANSFIELD,205 E MAIN ST,MANSFIELD,SD,57460,9998,,W1A903,P
CENTRAL,4J,IA-NE-SD,500,57460,WARNER,22 W MAIN ST,WARNER,SD,57479,9998,,W1B244,P
CENTRAL,4J,IA-NE-SD,500,57461,MELLETTE,1 W MAIN ST,MELLETTE,SD,57461,9998,,W1A923,P
CENTRAL,4J,IA-NE-SD,500,57465,MELLETTE,1 W MAIN ST,MELLETTE,SD,57461,9998,,W1A923,P
CENTRAL,4J,IA-NE-SD,500,57465,NORTHVILLE,306 W ELM ST,NORTHVILLE,SD,57465,9998,,W1A971,P
CENTRAL,4J,IA-NE-SD,500,57466,ONAKA,123 MAIN ST,ONAKA,SD,57466,9998,,W1A990,P
CENTRAL,4J,IA-NE-SD,500,57467,ORIENT,101 WINTER ST,ORIENT,SD,57467,9998,,W1A995,P
CENTRAL,4J,IA-NE-SD,500,57468,PIERPONT,121 W MAIN ST,PIERPONT,SD,57468,9998,,W1B017,P
CENTRAL,4J,IA-NE-SD,500,57469,REDFIELD,24 E 6TH AVE,REDFIELD,SD,57469,9998,,W1B055,P
CENTRAL,4J,IA-NE-SD,500,57471,ROSCOE,206 N MAIN ST,ROSCOE,SD,57471,9998,,W1B071,P
CENTRAL,4J,IA-NE-SD,500,57472,SELBY,3408 MAIN ST,SELBY,SD,57472,9998,,W1B096,P
CENTRAL,4J,IA-NE-SD,500,57473,SENECA,200 PINE ST,SENECA,SD,57473,9998,,W1B097,P
CENTRAL,4J,IA-NE-SD,500,57475,TOLSTOY,102 5TH AVE NW RM 1,TOLSTOY,SD,57475,9998,,W1B195,P
CENTRAL,4J,IA-NE-SD,500,57476,TULARE,205 MAIN ST,TULARE,SD,57476,9998,,W1B202,P
CENTRAL,4J,IA-NE-SD,500,57477,TURTON,108 E CENTER ST,TURTON,SD,57477,9998,,W1B205,P
CENTRAL,4J,IA-NE-SD,500,57479,WARNER,22 W MAIN ST,WARNER,SD,57479,9998,,W1B244,P
CENTRAL,4J,IA-NE-SD,500,57481,FREDERICK,413 MAIN ST,FREDERICK,SD,57441,9998,,W1A709,P
CENTRAL,4J,IA-NE-SD,500,57481,WESTPORT,14 MAIN ST W,WESTPORT,SD,57481,9998,,W1B263,P
CENTRAL,4J,IA-NE-SD,500,57501,PIERRE,225 S PIERRE ST STE 101,PIERRE,SD,57501,9998,,W1B019,P
CENTRAL,4J,IA-NE-SD,500,57520,AGAR,206 ASH ST,AGAR,SD,57520,9998,,W1A464,P
CENTRAL,4J,IA-NE-SD,500,57521,BELVIDERE,406 B ST,BELVIDERE,SD,57521,9998,,W1A512,P
CENTRAL,4J,IA-NE-SD,500,57522,BLUNT,301 N MAIN ST,BLUNT,SD,57522,9998,,W1A532,P
CENTRAL,4J,IA-NE-SD,500,57523,BURKE,833 MAIN ST,BURKE,SD,57523,9998,,W1A558,P
CENTRAL,4J,IA-NE-SD,500,57528,COLOME,202 MAIN ST,COLOME,SD,57528,9998,,W1A607,P
CENTRAL,4J,IA-NE-SD,500,57531,DRAPER,147 S MAIN ST,DRAPER,SD,57531,9998,,W1A652,P
CENTRAL,4J,IA-NE-SD,500,57532,FORT PIERRE,412 N DEADWOOD ST,FORT PIERRE,SD,57532,9998,,W1A703,P
CENTRAL,4J,IA-NE-SD,500,57533,GREGORY,517 MAIN ST,GREGORY,SD,57533,9998,,W1A736,P
CENTRAL,4J,IA-NE-SD,500,57534,HAMILL,26245 MAIN ST,HAMILL,SD,57534,9998,,W1A744,P
CENTRAL,4J,IA-NE-SD,500,57536,HARROLD,204 S WYMAN ST,HARROLD,SD,57536,9998,,W1A751,P
CENTRAL,4J,IA-NE-SD,500,57538,BURKE,833 MAIN ST,BURKE,SD,57523,9998,,W1A558,P
CENTRAL,4J,IA-NE-SD,500,57538,HERRICK,727 HERRICK AVE,HERRICK,SD,57538,9998,,W1A765,P
CENTRAL,4J,IA-NE-SD,500,57540,HIGHMORE,111 COMMERCIAL AVE SE,HIGHMORE,SD,57345,9998,,W1A768,P
CENTRAL,4J,IA-NE-SD,500,57541,IDEAL,31210 266TH ST,IDEAL,SD,57541,9998,,W1A803,P
CENTRAL,4J,IA-NE-SD,500,57543,KADOKA,1001 MAIN ST,KADOKA,SD,57543,9998,,W1A827,P
CENTRAL,4J,IA-NE-SD,500,57544,KENNEBEC,210 S MAIN ST,KENNEBEC,SD,57544,9998,,W1A836,P
CENTRAL,4J,IA-NE-SD,500,57547,LONG VALLEY,27199 SD HIGHWAY 73,LONG VALLEY,SD,57547,9998,,000424,C
CENTRAL,4J,IA-NE-SD,500,57548,LOWER BRULE,312 CRAZY HORSE AVE,LOWER BRULE,SD,57548,9998,,W1A890,P
CENTRAL,4J,IA-NE-SD,500,57551,MARTIN,506 3RD AVE,MARTIN,SD,57551,9998,,W1A909,P
CENTRAL,4J,IA-NE-SD,500,57552,MIDLAND,402 MAIN ST,MIDLAND,SD,57552,9998,,W1A925,P
CENTRAL,4J,IA-NE-SD,500,57553,PHILIP,214 E PINE ST,PHILIP,SD,57567,9998,,W1B014,P
CENTRAL,4J,IA-NE-SD,500,57555,MISSION,150 E 3RD ST,MISSION,SD,57555,9998,,W1A937,P
CENTRAL,4J,IA-NE-SD,500,57559,MURDO,216 MAIN ST,MURDO,SD,57559,9998,,W1A955,P
CENTRAL,4J,IA-NE-SD,500,57560,NORRIS,27149 SD HIGHWAY 63,NORRIS,SD,57560,9998,,W1A969,P
CENTRAL,4J,IA-NE-SD,500,57563,OKREEK,1 SE FIRST ST,OKREEK,SD,57563,9998,P,W1A983,P
CENTRAL,4J,IA-NE-SD,500,57564,ONIDA,703 BIRCH AVE,ONIDA,SD,57564,9998,,W1A991,P
CENTRAL,4J,IA-NE-SD,500,57566,PARMELEE,200 2ND ST,PARMELEE,SD,57566,9998,,W1B008,P
CENTRAL,4J,IA-NE-SD,500,57567,PHILIP,214 E PINE ST,PHILIP,SD,57567,9998,,W1B014,P
CENTRAL,4J,IA-NE-SD,500,57568,PRESHO,210 N MAIN AVE,PRESHO,SD,57568,9998,,W1B035,P
CENTRAL,4J,IA-NE-SD,500,57569,RELIANCE,202 W HIGHWAY 47,RELIANCE,SD,57569,9998,,W1B059,P
CENTRAL,4J,IA-NE-SD,500,57570,ROSEBUD,123 E SHARPFISH ST,ROSEBUD,SD,57570,9998,P,W1B072,P
CENTRAL,4J,IA-NE-SD,500,57572,SAINT FRANCIS,1 MAIN ST,SAINT FRANCIS,SD,57572,9998,,W1B085,P
CENTRAL,4J,IA-NE-SD,500,57574,MARTIN,506 3RD AVE,MARTIN,SD,57551,9998,,W1A909,P
CENTRAL,4J,IA-NE-SD,500,57576,VIVIAN,109 S MAIN AVE,VIVIAN,SD,57576,9998,,W1B230,P
CENTRAL,4J,IA-NE-SD,500,57577,WANBLEE,310 SD HIGHWAY 44,WANBLEE,SD,57577,9998,,W1B242,P
CENTRAL,4J,IA-NE-SD,500,57579,WHITE RIVER,415 N MAIN ST,WHITE RIVER,SD,57579,9998,,W1B270,P
CENTRAL,4J,IA-NE-SD,500,57580,WINNER,402 S MONROE ST,WINNER,SD,57580,9998,,W1B279,P
CENTRAL,4J,IA-NE-SD,500,57584,WITTEN,119 E 1ST ST,WITTEN,SD,57584,9998,,W1B280,P
CENTRAL,4J,IA-NE-SD,500,57585,WOOD,118 W MAIN ST,WOOD,SD,57585,9998,,W1B283,P
CENTRAL,4J,IA-NE-SD,500,57601,MOBRIDGE,404 N MAIN ST,MOBRIDGE,SD,57601,9998,,W1A943,P
CENTRAL,4J,IA-NE-SD,500,57620,BISON,118 W MAIN ST,BISON,SD,57620,9998,,W1A524,P
CENTRAL,4J,IA-NE-SD,500,57621,BULLHEAD,104 TASUNKA ST,BULLHEAD,SD,57621,9998,P,W1A554,P
CENTRAL,4J,IA-NE-SD,500,57623,DUPREE,323 S MAIN ST,DUPREE,SD,57623,9998,,W1A654,P
CENTRAL,4J,IA-NE-SD,500,57625,EAGLE BUTTE,307 S MAIN ST,EAGLE BUTTE,SD,57625,9998,,W1A656,P
CENTRAL,4J,IA-NE-SD,500,57626,FAITH,114 MAIN ST,FAITH,SD,57626,9998,,W1A687,P
CENTRAL,4J,IA-NE-SD,500,57630,TIMBER LAKE,801 MAIN ST,TIMBER LAKE,SD,57656,9998,,W1B194,P
CENTRAL,4J,IA-NE-SD,500,57631,GLENHAM,23 MAIN ST,GLENHAM,SD,57631,9998,,W1A726,P
CENTRAL,4J,IA-NE-SD,500,57632,HERREID,118 MAIN ST N,HERREID,SD,57632,9998,,W1A764,P
CENTRAL,4J,IA-NE-SD,500,57633,ISABEL,200 MAIN ST,ISABEL,SD,57633,9998,,W1A814,P
CENTRAL,4J,IA-NE-SD,500,57634,MORRISTOWN,223 MAIN ST,MORRISTOWN,SD,57645,9998,,W1A949,P
CENTRAL,4J,IA-NE-SD,500,57636,LANTRY,10 WHEAT AVE,LANTRY,SD,57636,9998,P,W1A866,P
CENTRAL,4J,IA-NE-SD,500,57638,LEMMON,310 1ST AVE W,LEMMON,SD,57638,9998,,W1A871,P
CENTRAL,4J,IA-NE-SD,500,57639,LITTLE EAGLE,1 RUNNING ANTELOPE DR,LITTLE EAGLE,SD,57639,9998,P,W1A885,P
CENTRAL,4J,IA-NE-SD,500,57641,MC INTOSH,312 MAIN ST,MC INTOSH,SD,57641,9998,,W1A916,P
CENTRAL,4J,IA-NE-SD,500,57642,MC LAUGHLIN,221 MAIN ST,MC LAUGHLIN,SD,57642,9998,,W1A917,P
CENTRAL,4J,IA-NE-SD,500,57644,MEADOW,111 MAIN ST,MEADOW,SD,57644,9998,,W1A920,P
CENTRAL,4J,IA-NE-SD,500,57645,MORRISTOWN,223 MAIN ST,MORRISTOWN,SD,57645,9998,,W1A949,P
CENTRAL,4J,IA-NE-SD,500,57646,MOUND CITY,202 MAIN ST N,MOUND CITY,SD,57646,9998,,W1A951,P
CENTRAL,4J,IA-NE-SD,500,57648,POLLOCK,123 MAIN ST,POLLOCK,SD,57648,9998,,W1B029,P
CENTRAL,4J,IA-NE-SD,500,57649,BISON,118 W MAIN ST,BISON,SD,57620,9998,,W1A524,P
CENTRAL,4J,IA-NE-SD,500,57651,REVA,14759 SD HIGHWAY 20,REVA,SD,57651,9998,,W1B061,P
CENTRAL,4J,IA-NE-SD,500,57652,RIDGEVIEW,15951 264 1/2 AVE,RIDGEVIEW,SD,57652,9998,,W1B064,P
CENTRAL,4J,IA-NE-SD,500,57656,TIMBER LAKE,801 MAIN ST,TIMBER LAKE,SD,57656,9998,,W1B194,P
CENTRAL,4J,IA-NE-SD,500,57657,TRAIL CITY,130 N MAIN ST,TRAIL CITY,SD,57657,9998,,W1B197,P
CENTRAL,4J,IA-NE-SD,500,57658,MOBRIDGE,404 N MAIN ST,MOBRIDGE,SD,57601,9998,,W1A943,P
CENTRAL,4J,IA-NE-SD,500,57660,MORRISTOWN,223 MAIN ST,MORRISTOWN,SD,57645,9998,,W1A949,P
CENTRAL,4J,IA-NE-SD,500,57661,WHITEHORSE,18 S 2ND AVE,WHITEHORSE,SD,57661,9998,P,W1B271,P
CENTRAL,4J,IA-NE-SD,500,57701,RAPID CITY SD SDC,500 EAST BLVD,RAPID CITY,SD,57701,9939,,021587,4
CENTRAL,4J,IA-NE-SD,500,57702,RAPID CITY SD SDC,500 EAST BLVD,RAPID CITY,SD,57701,9939,,021587,4
CENTRAL,4J,IA-NE-SD,500,57703,RAPID CITY SD SDC,500 EAST BLVD,RAPID CITY,SD,57701,9939,,021587,4
CENTRAL,4J,IA-NE-SD,500,57706,BOX ELDER,511 N ELLSWORTH RD,BOX ELDER,SD,57719,9998,,W1A537,P
CENTRAL,4J,IA-NE-SD,500,57709,RAPID CITY SD SDC,500 EAST BLVD,RAPID CITY,SD,57701,9939,P,021587,4
CENTRAL,4J,IA-NE-SD,500,57714,ALLEN,426 OGLALA LOOP,ALLEN,SD,57714,1700,,W1A470,P
CENTRAL,4J,IA-NE-SD,500,57716,BATESLAND,100 ASH ST,BATESLAND,SD,57716,9998,,W1A506,P
CENTRAL,4J,IA-NE-SD,500,57717,BELLE FOURCHE,804 STATE ST,BELLE FOURCHE,SD,57717,9998,,W1A511,P
CENTRAL,4J,IA-NE-SD,500,57718,BLACK HAWK,7501 CAPTAIN SOELZER ST,BLACK HAWK,SD,57718,9998,,W1A526,P
CENTRAL,4J,IA-NE-SD,500,57719,BOX ELDER,511 N ELLSWORTH RD,BOX ELDER,SD,57719,9998,,W1A537,P
CENTRAL,4J,IA-NE-SD,500,57720,BUFFALO,109 1ST ST W,BUFFALO,SD,57720,9998,,W1A551,P
CENTRAL,4J,IA-NE-SD,500,57722,HOT SPRINGS,146 N CHICAGO ST,HOT SPRINGS,SD,57747,9998,,W1A785,P
CENTRAL,4J,IA-NE-SD,500,57724,CAMP CROOK,107 N MAIN ST,CAMP CROOK,SD,57724,9998,,W1A564,P
CENTRAL,4J,IA-NE-SD,500,57725,CAPUTA,23502 MAIN ST,CAPUTA,SD,57725,9998,,W1A572,P
CENTRAL,4J,IA-NE-SD,500,57725,NEW UNDERWOOD,408 S A AVE,NEW UNDERWOOD,SD,57761,9998,,W1A962,P
CENTRAL,4J,IA-NE-SD,500,57730,CUSTER,643 MOUNT RUSHMORE RD,CUSTER,SD,57730,9998,,W1A627,P
CENTRAL,4J,IA-NE-SD,500,57732,DEADWOOD,68 SHERMAN ST,DEADWOOD,SD,57732,9998,,W1A638,P
CENTRAL,4J,IA-NE-SD,500,57735,EDGEMONT,519 2ND AVE,EDGEMONT,SD,57735,9998,,W1A660,P
CENTRAL,4J,IA-NE-SD,500,57737,ENNING,17500 HIGHWAY 34,ENNING,SD,57737,9998,,W1A675,P
CENTRAL,4J,IA-NE-SD,500,57737,STURGIS,820 KINSHIP RD,STURGIS,SD,57785,9998,,W1B174,P
CENTRAL,4J,IA-NE-SD,500,57738,FAIRBURN,120 OAK ST,FAIRBURN,SD,57738,9998,,W1A683,P
CENTRAL,4J,IA-NE-SD,500,57741,FORT MEADE,50 SHERIDAN RD,FORT MEADE,SD,57741,9998,P,W1A702,P
CENTRAL,4J,IA-NE-SD,500,57744,HERMOSA,208 MAIN ST,HERMOSA,SD,57744,9998,,W1A763,P
CENTRAL,4J,IA-NE-SD,500,57745,HILL CITY,150 E MAIN ST,HILL CITY,SD,57745,9998,,W1A770,P
CENTRAL,4J,IA-NE-SD,500,57747,HOT SPRINGS,146 N CHICAGO ST,HOT SPRINGS,SD,57747,9998,,W1A785,P
CENTRAL,4J,IA-NE-SD,500,57748,HOWES,19188 SD HIGHWAY 73,HOWES,SD,57748,9998,,W1A791,P
CENTRAL,4J,IA-NE-SD,500,57748,STURGIS,820 KINSHIP RD,STURGIS,SD,57785,9998,,W1B174,P
CENTRAL,4J,IA-NE-SD,500,57750,WALL,529 MAIN ST,WALL,SD,57790,9998,,W1B238,P
CENTRAL,4J,IA-NE-SD,500,57750,INTERIOR NEW,601 SD HIGHWAY 44,INTERIOR,SD,57750,9997,,020492,C
CENTRAL,4J,IA-NE-SD,500,57751,KEYSTONE,233 SWANZEY ST,KEYSTONE,SD,57751,9998,,W1A838,P
CENTRAL,4J,IA-NE-SD,500,57752,KYLE,405 MAIN ST,KYLE,SD,57752,9998,,W1A845,P
CENTRAL,4J,IA-NE-SD,500,57754,LEAD,329 W MAIN ST,LEAD,SD,57754,9998,,W1A869,P
CENTRAL,4J,IA-NE-SD,500,57755,BUFFALO,109 1ST ST W,BUFFALO,SD,57720,9998,,W1A551,P
CENTRAL,4J,IA-NE-SD,500,57756,MANDERSON,1956 BIA 33,MANDERSON,SD,57756,9998,P,W1A902,P
CENTRAL,4J,IA-NE-SD,500,57759,NEMO,12748 NEMO RD,NEMO,SD,57759,9998,,W1A959,P
CENTRAL,4J,IA-NE-SD,500,57760,NEWELL,207 GIRARD AVE,NEWELL,SD,57760,9998,,W1A964,P
CENTRAL,4J,IA-NE-SD,500,57761,NEW UNDERWOOD,408 S A AVE,NEW UNDERWOOD,SD,57761,9998,,W1A962,P
CENTRAL,4J,IA-NE-SD,500,57762,NISLAND,405 2ND ST,NISLAND,SD,57762,9998,,W1A965,P
CENTRAL,4J,IA-NE-SD,500,57763,OELRICHS,411 MAIN ST,OELRICHS,SD,57763,9998,,W1A978,P
CENTRAL,4J,IA-NE-SD,500,57764,OGLALA,1 HIGHWAY 18 W,OGLALA,SD,57764,9998,,W1A979,P
CENTRAL,4J,IA-NE-SD,500,57766,ORAL,117 S GOODMAN ST,ORAL,SD,57766,9998,,W1A993,P
CENTRAL,4J,IA-NE-SD,500,57767,WASTA,54 C AVE,WASTA,SD,57791,9998,,W1B245,P
CENTRAL,4J,IA-NE-SD,500,57769,PIEDMONT,10224 MAIN ST,PIEDMONT,SD,57769,9998,,W1B016,P
CENTRAL,4J,IA-NE-SD,500,57770,PINE RIDGE,1 HIGHWAY 18,PINE RIDGE,SD,57770,9998,,W1B020,P
CENTRAL,4J,IA-NE-SD,500,57772,PORCUPINE,111 EAGLE DR,PORCUPINE,SD,57772,9998,,W1B031,P
CENTRAL,4J,IA-NE-SD,500,57773,PRINGLE,369 MAIN ST,PRINGLE,SD,57773,9998,P,W1B036,P
CENTRAL,4J,IA-NE-SD,500,57775,QUINN,30 HIGHWAY 1416,QUINN,SD,57775,9998,,W1B041,P
CENTRAL,4J,IA-NE-SD,500,57775,WALL,529 MAIN ST,WALL,SD,57790,9998,,W1B238,P
CENTRAL,4J,IA-NE-SD,500,57776,REDIG,14695 US HIGHWAY 85,REDIG,SD,57776,9998,P,W1B056,P
CENTRAL,4J,IA-NE-SD,500,57779,SAINT ONGE,176 PURL ST,SAINT ONGE,SD,57779,9998,,W1B087,P
CENTRAL,4J,IA-NE-SD,500,57780,SCENIC,27 2ND ST,SCENIC,SD,57780,9998,,W1B093,P
CENTRAL,4J,IA-NE-SD,500,57782,SMITHWICK,206 SMITHWICK RD,SMITHWICK,SD,57782,9998,P,W1B682,C
CENTRAL,4J,IA-NE-SD,500,57783,SPEARFISH,120 YANKEE ST,SPEARFISH,SD,57783,9998,,W1B118,P
CENTRAL,4J,IA-NE-SD,500,57785,STURGIS,820 KINSHIP RD,STURGIS,SD,57785,9998,,W1B174,P
CENTRAL,4J,IA-NE-SD,500,57787,UNION CENTER,16946 SD HIGHWAY 34 STE 3,UNION CENTER,SD,57787,9998,,W1B209,P
CENTRAL,4J,IA-NE-SD,500,57788,VALE,304 ROSANDER AVE,VALE,SD,57788,9998,,W1B216,P
CENTRAL,4J,IA-NE-SD,500,57790,WALL,529 MAIN ST,WALL,SD,57790,9998,,W1B238,P
CENTRAL,4J,IA-NE-SD,500,57791,WASTA,54 C AVE,WASTA,SD,57791,9998,,W1B245,P
CENTRAL,4J,IA-NE-SD,500,57792,STURGIS,820 KINSHIP RD,STURGIS,SD,57785,9998,,W1B174,P
CENTRAL,4J,IA-NE-SD,500,57792,WHITE OWL,19371 MAIN ST,WHITE OWL,SD,57792,9998,,W1B269,P
CENTRAL,4J,IA-NE-SD,500,57793,WHITEWOOD,1400 LAUREL ST,WHITEWOOD,SD,57793,9998,,W1B272,P
CENTRAL,4J,IA-NE-SD,500,57794,WOUNDED KNEE,101 MAIN ST,WOUNDED KNEE,SD,57794,9998,,W1B286,P
CENTRAL,4J,IA-NE-SD,500,58568,MC LAUGHLIN,221 MAIN ST,MC LAUGHLIN,SD,57642,9998,,W1A917,P
WESTPAC,4E,ID-MT-OR,970,59319,CAMP CROOK,107 N MAIN ST,CAMP CROOK,SD,57724,9998,,W1A564,P
